-- MySQL dump 10.13  Distrib 8.1.0, for Linux (x86_64)
--
-- Host: localhost    Database: prueba
-- ------------------------------------------------------
-- Server version	8.1.0

/*!40101 SET @OLD_CHARACTER_SET_CLIENT=@@CHARACTER_SET_CLIENT */;
/*!40101 SET @OLD_CHARACTER_SET_RESULTS=@@CHARACTER_SET_RESULTS */;
/*!40101 SET @OLD_COLLATION_CONNECTION=@@COLLATION_CONNECTION */;
/*!50503 SET NAMES utf8mb4 */;
/*!40103 SET @OLD_TIME_ZONE=@@TIME_ZONE */;
/*!40103 SET TIME_ZONE='+00:00' */;
/*!40014 SET @OLD_UNIQUE_CHECKS=@@UNIQUE_CHECKS, UNIQUE_CHECKS=0 */;
/*!40014 SET @OLD_FOREIGN_KEY_CHECKS=@@FOREIGN_KEY_CHECKS, FOREIGN_KEY_CHECKS=0 */;
/*!40101 SET @OLD_SQL_MODE=@@SQL_MODE, SQL_MODE='NO_AUTO_VALUE_ON_ZERO' */;
/*!40111 SET @OLD_SQL_NOTES=@@SQL_NOTES, SQL_NOTES=0 */;

--
-- Current Database: `prueba`
--

CREATE DATABASE /*!32312 IF NOT EXISTS*/ `prueba` /*!40100 DEFAULT CHARACTER SET utf8mb4 COLLATE utf8mb4_0900_ai_ci */ /*!80016 DEFAULT ENCRYPTION='N' */;

USE `prueba`;

--
-- Table structure for table `alumnos`
--

DROP TABLE IF EXISTS `alumnos`;
/*!40101 SET @saved_cs_client     = @@character_set_client */;
/*!50503 SET character_set_client = utf8mb4 */;
CREATE TABLE `alumnos` (
  `id` bigint NOT NULL AUTO_INCREMENT,
  `apellido` varchar(255) DEFAULT NULL,
  `email` varchar(255) DEFAULT NULL,
  `fecha_nacimiento` date DEFAULT NULL,
  `nombre` varchar(255) DEFAULT NULL,
  PRIMARY KEY (`id`)
) ENGINE=InnoDB AUTO_INCREMENT=12 DEFAULT CHARSET=utf8mb4 COLLATE=utf8mb4_0900_ai_ci;
/*!40101 SET character_set_client = @saved_cs_client */;

--
-- Dumping data for table `alumnos`
--

LOCK TABLES `alumnos` WRITE;
/*!40000 ALTER TABLE `alumnos` DISABLE KEYS */;
INSERT INTO `alumnos` VALUES (1,'Prez','juan.perez@mail.com','2000-03-15','Juan'),(2,'Gmez','maria.gomez@mail.com','1999-07-22','Mara'),(3,'Rodrguez','carlos.rodriguez@mail.com','2001-01-10','Carlos'),(4,'Martnez','ana.martinez@mail.com','2000-11-05','Ana'),(5,'Hernndez','luis.hernandez@mail.com','1998-09-18','Luis'),(6,'Ramrez','sofia.ramirez@mail.com','2001-06-30','Sofa'),(7,'Torres','andres.torres@mail.com','1999-12-02','Andrs'),(8,'Castro','valentina.castro@mail.com','2000-04-27','Valentina'),(9,'Vargas','miguel.vargas@mail.com','1998-08-14','Miguel'),(10,'Mendoza','laura.mendoza@mail.com','2001-02-19','Laura');
/*!40000 ALTER TABLE `alumnos` ENABLE KEYS */;
UNLOCK TABLES;

--
-- Table structure for table `materias`
--

DROP TABLE IF EXISTS `materias`;
/*!40101 SET @saved_cs_client     = @@character_set_client */;
/*!50503 SET character_set_client = utf8mb4 */;
CREATE TABLE `materias` (
  `id` bigint NOT NULL AUTO_INCREMENT,
  `codigo` varchar(255) DEFAULT NULL,
  `creditos` int NOT NULL,
  `nombre` varchar(255) DEFAULT NULL,
  PRIMARY KEY (`id`)
) ENGINE=InnoDB AUTO_INCREMENT=11 DEFAULT CHARSET=utf8mb4 COLLATE=utf8mb4_0900_ai_ci;
/*!40101 SET character_set_client = @saved_cs_client */;

--
-- Dumping data for table `materias`
--

LOCK TABLES `materias` WRITE;
/*!40000 ALTER TABLE `materias` DISABLE KEYS */;
INSERT INTO `materias` VALUES (1,'MAT101',4,'Matemticas'),(2,'PRO101',5,'Programacin I'),(3,'BD202',4,'Bases de Datos'),(4,'FIS110',3,'Fsica'),(5,'QUI120',3,'Qumica'),(6,'ALG200',5,'Algoritmos'),(7,'IS300',4,'Ingeniera de Software'),(8,'RED210',3,'Redes'),(9,'SO220',4,'Sistemas Operativos'),(10,'ARQ230',4,'Arquitectura de Computadores');
/*!40000 ALTER TABLE `materias` ENABLE KEYS */;
UNLOCK TABLES;

--
-- Table structure for table `notas`
--

DROP TABLE IF EXISTS `notas`;
/*!40101 SET @saved_cs_client     = @@character_set_client */;
/*!50503 SET character_set_client = utf8mb4 */;
CREATE TABLE `notas` (
  `id` bigint NOT NULL AUTO_INCREMENT,
  `fecha_registro` date DEFAULT NULL,
  `valor` double NOT NULL,
  `alumno_id` bigint DEFAULT NULL,
  `materia_id` bigint DEFAULT NULL,
  PRIMARY KEY (`id`),
  KEY `FKa9lly8ij9aui59h8x6sk3b9yr` (`alumno_id`),
  KEY `FKkr556mopx96m5okly6ahy70jc` (`materia_id`),
  CONSTRAINT `FKa9lly8ij9aui59h8x6sk3b9yr` FOREIGN KEY (`alumno_id`) REFERENCES `alumnos` (`id`),
  CONSTRAINT `FKkr556mopx96m5okly6ahy70jc` FOREIGN KEY (`materia_id`) REFERENCES `materias` (`id`)
) ENGINE=InnoDB AUTO_INCREMENT=41 DEFAULT CHARSET=utf8mb4 COLLATE=utf8mb4_0900_ai_ci;
/*!40101 SET character_set_client = @saved_cs_client */;

--
-- Dumping data for table `notas`
--

LOCK TABLES `notas` WRITE;
/*!40000 ALTER TABLE `notas` DISABLE KEYS */;
INSERT INTO `notas` VALUES (1,'2024-01-15',4.5,1,1),(2,'2024-01-16',3.8,2,2),(3,'2024-01-17',4.2,3,3),(4,'2024-01-18',3.5,4,4),(5,'2024-01-19',4.9,5,5),(6,'2024-01-20',2.9,6,6),(7,'2024-01-21',3.7,7,7),(8,'2024-01-22',4.1,8,8),(9,'2024-01-23',3.3,9,9),(10,'2024-01-24',4.6,10,10),(11,'2024-02-01',3.9,1,2),(12,'2024-02-01',4.2,1,3),(13,'2024-02-02',3.5,2,1),(14,'2024-02-02',4,2,4),(15,'2024-02-03',2.8,3,5),(16,'2024-02-03',3.6,3,6),(17,'2024-02-04',4.7,4,2),(18,'2024-02-04',3.9,4,7),(19,'2024-02-05',4.1,5,3),(20,'2024-02-05',4.8,5,8),(21,'2024-02-06',3.2,6,4),(22,'2024-02-06',3.9,6,9),(23,'2024-02-07',4,7,5),(24,'2024-02-07',2.7,7,10),(25,'2024-02-08',3.6,8,6),(26,'2024-02-08',4.3,8,1),(27,'2024-02-09',3.8,9,7),(28,'2024-02-09',4.1,9,2),(29,'2024-02-10',4.9,10,8),(30,'2024-02-10',3.4,10,9),(31,'2026-01-15',3.5,1,1),(32,'2024-03-02',3,2,2),(33,'2024-03-03',4.5,3,3),(34,'2024-03-04',2.5,4,4),(35,'2024-03-05',3.8,5,5),(36,'2024-03-01',4.1,1,1),(37,'2024-03-02',2.9,2,2),(38,'2024-03-10',4.4,6,6),(39,'2024-03-11',3.2,7,7),(40,'2024-03-12',4.7,8,8);
/*!40000 ALTER TABLE `notas` ENABLE KEYS */;
UNLOCK TABLES;
/*!40103 SET TIME_ZONE=@OLD_TIME_ZONE */;

/*!40101 SET SQL_MODE=@OLD_SQL_MODE */;
/*!40014 SET FOREIGN_KEY_CHECKS=@OLD_FOREIGN_KEY_CHECKS */;
/*!40014 SET UNIQUE_CHECKS=@OLD_UNIQUE_CHECKS */;
/*!40101 SET CHARACTER_SET_CLIENT=@OLD_CHARACTER_SET_CLIENT */;
/*!40101 SET CHARACTER_SET_RESULTS=@OLD_CHARACTER_SET_RESULTS */;
/*!40101 SET COLLATION_CONNECTION=@OLD_COLLATION_CONNECTION */;
/*!40111 SET SQL_NOTES=@OLD_SQL_NOTES */;

-- Dump completed on 2026-01-16  3:03:55
